<?xml version="1.0" encoding="utf-8"?>
<!--/310740/610059/2.49/2/2/Capacitor/-->
<quadcept_library>
  <setting unit="mil" />
  <textstyle name="Default" height="47.244094488189" strokewidth="7.8740157480315" charwidth="47.244094488189" />
  <textstyle name="Dimension" height="19.6850393700787" strokewidth="0" charwidth="19.6850393700787" />
  <textstyle name="H127W0635TH00762" height="50" strokewidth="3" charwidth="25" />
  <textstyle name="H15W15TH02" height="59.0551181102362" strokewidth="7.8740157480315" charwidth="59.0551181102362" />
  <padstyle name="c120_h75" surface="False" plated="True" isvia="False" nopaste="True" nomask="True" complex="False" holesize="29.527559055118">
    <padshape layer="TOP" shape="round" width="47.244094488188" height="47.244094488188" />
    <padshape layer="TOP_SOLDER_MASK" shape="round" width="55.11811023622" height="55.11811023622" />
    <padshape layer="INNER" shape="round" width="47.244094488188" height="47.244094488188" />
    <padshape layer="BOTTOM" shape="round" width="47.244094488188" height="47.244094488188" />
    <padshape layer="BOTTOM_SOLDER_MASK" shape="round" width="55.11811023622" height="55.11811023622" />
  </padstyle>
  <footprint name="RCER71H104K0K1H03B" originx="0" originy="0" pickpointx="0" pickpointy="0">
    <pcbpin number="1" name="1" style="c120_h75" originx="-98.425196850392" originy="0" rotation="90" />
    <pcbpin number="2" name="2" style="c120_h75" originx="98.425196850392" originy="0" rotation="90" />
    <line layer="TOP_ASSEMBLY" originx="-70.866141732283" originy="49.212598425196" endx="70.866141732283" endy="49.212598425196" width="7.8740157480314" />
    <line layer="TOP_ASSEMBLY" originx="70.866141732283" originy="49.212598425196" endx="70.866141732283" endy="-49.212598425196" width="7.8740157480314" />
    <line layer="TOP_ASSEMBLY" originx="70.866141732283" originy="-49.212598425196" endx="-70.866141732283" endy="-49.212598425196" width="7.8740157480314" />
    <line layer="TOP_ASSEMBLY" originx="-70.866141732283" originy="-49.212598425196" endx="-70.866141732283" endy="49.212598425196" width="7.8740157480314" />
    <line layer="TOP_PLACE_BOUND" originx="-161.41732283464" originy="88.582677165353" endx="161.41732283464" endy="88.582677165353" width="3.9370078740157" />
    <line layer="TOP_PLACE_BOUND" originx="161.41732283464" originy="88.582677165353" endx="161.41732283464" endy="-88.582677165353" width="3.9370078740157" />
    <line layer="TOP_PLACE_BOUND" originx="161.41732283464" originy="-88.582677165353" endx="-161.41732283464" endy="-88.582677165353" width="3.9370078740157" />
    <line layer="TOP_PLACE_BOUND" originx="-161.41732283464" originy="-88.582677165353" endx="-161.41732283464" endy="88.582677165353" width="3.9370078740157" />
    <line layer="TOP_SILKSCREEN" originx="-70.866141732283" originy="39.370078740157" endx="-70.866141732283" endy="49.212598425196" width="3.9370078740157" />
    <line layer="TOP_SILKSCREEN" originx="-70.866141732283" originy="49.212598425196" endx="70.866141732283" endy="49.212598425196" width="3.9370078740157" />
    <line layer="TOP_SILKSCREEN" originx="70.866141732283" originy="49.212598425196" endx="70.866141732283" endy="39.370078740157" width="3.9370078740157" />
    <line layer="TOP_SILKSCREEN" originx="-70.866141732283" originy="-39.370078740157" endx="-70.866141732283" endy="-49.212598425196" width="3.9370078740157" />
    <line layer="TOP_SILKSCREEN" originx="-70.866141732283" originy="-49.212598425196" endx="70.866141732283" endy="-49.212598425196" width="3.9370078740157" />
    <line layer="TOP_SILKSCREEN" originx="70.866141732283" originy="-49.212598425196" endx="70.866141732283" endy="-39.370078740157" width="3.9370078740157" />
  </footprint>
  <symbol name="RCE5C2A220J0A2H03B" originx="0" originy="0">
    <line originx="220" originy="100" endx="220" endy="-100" width="0" />
    <line originx="280" originy="100" endx="280" endy="-100" width="0" />
    <line originx="200" originy="0" endx="220" endy="0" width="0" />
    <line originx="280" originy="0" endx="300" endy="0" width="0" />
    <sympin number="1" originx="200" originy="0" rotation="180" length="100" width="7.8740157480315" flipped="False">
      <text name="pinname" originx="0" originy="-10" style="Default" rotation="0" justify="upperleft" flipped="False" hidden="True" data="1" />
      <text name="pindes" originx="0" originy="10" style="Default" rotation="0" justify="lowerleft" flipped="False" hidden="False" data="1" />
    </sympin>
    <sympin number="2" originx="300" originy="0" rotation="0" length="100" width="7.8740157480315" flipped="False">
      <text name="pinname" originx="500" originy="-10" style="Default" rotation="0" justify="upperright" flipped="False" hidden="True" data="2" />
      <text name="pindes" originx="500" originy="10" style="Default" rotation="0" justify="lowerright" flipped="False" hidden="False" data="2" />
    </sympin>
  </symbol>
  <component name="RCE5C2A220J0A2H03B" designatorprefix="C" height="196.85039370078" footprint="RCER71H104K0K1H03B">
    <comppin designator="1" sympin="1" pinswap="0" gateswap="0" gate="1" group="1" side="" type="Any" name="1" />
    <comppin designator="2" sympin="2" pinswap="0" gateswap="0" gate="1" group="1" side="" type="Any" name="2" />
    <attached_symbol gate="1" name="RCE5C2A220J0A2H03B" />
    <pinmap designator="1" footprintpin="1" />
    <pinmap designator="2" footprintpin="2" />
    <text name="Datasheet" originx="0" originy="0" style="Default" rotation="0" justify="" flipped="False" hidden="True" data="https://componentsearchengine.com/Datasheets/1/RCE5C2A220J0A2H03B.pdf" />
    <text name="Description" originx="0" originy="0" style="Default" rotation="0" justify="" flipped="False" hidden="True" data="Capacitor L=3.6mm W=3.5mm T=2.5mm" />
    <text name="Mouser Part Number" originx="0" originy="0" style="Default" rotation="0" justify="" flipped="False" hidden="True" data="81-RCE5C2A220J0A2H3B" />
    <text name="Mouser Price/Stock" originx="0" originy="0" style="Default" rotation="0" justify="" flipped="False" hidden="True" data="https://www.mouser.com/Search/Refine.aspx?Keyword=81-RCE5C2A220J0A2H3B" />
    <text name="Manufacturer_Name" originx="0" originy="0" style="Default" rotation="0" justify="" flipped="False" hidden="True" data="Murata Electronics" />
    <text name="Manufacturer_Part_Number" originx="350" originy="150" style="Default" rotation="0" justify="left" flipped="False" hidden="False" data="RCE5C2A220J0A2H03B" />
  </component>
</quadcept_library>
